event_date,dimension,dimension_value,views,likes,messages_received,messages_sent,users_received,users_sent
2022-09-09,os,Android,452935,98766,7833,8414,6669,7017
2022-09-09,os,iOS,242840,53245,4748,4485,3709,3671
2022-09-09,os,unknown,0,0,318,0,310,0
2022-09-09,gender,female,315738,69117,6049,5951,4957,4984
2022-09-09,gender,male,380037,82894,6532,6948,5421,5704
2022-09-09,gender,unknown,0,0,318,0,310,0
2022-09-09,age,14.0,9803,2104,90,213,86,110
2022-09-09,age,15.0,21506,4739,360,511,302,406
2022-09-09,age,16.0,27032,5869,298,469,282,435
2022-09-09,age,17.0,32358,7040,397,586,368,553
2022-09-09,age,18.0,39417,8652,764,723,660,711
2022-09-09,age,19.0,41551,8944,837,788,757,773
2022-09-09,age,20.0,45930,9866,1328,848,989,825
2022-09-09,age,21.0,43151,9264,768,780,748,766
2022-09-09,age,22.0,37795,8311,1134,706,940,693
2022-09-09,age,23.0,31496,7054,585,551,574,542
2022-09-09,age,24.0,27721,6080,586,538,575,532
2022-09-09,age,25.0,24439,5442,429,496,418,489
2022-09-09,age,26.0,23486,5068,517,368,455,361
2022-09-09,age,27.0,18175,4026,347,324,315,317
2022-09-09,age,28.0,18379,4061,563,266,329,262
2022-09-09,age,29.0,18230,4068,268,306,259,295
2022-09-09,age,30.0,17146,3765,398,342,357,334
2022-09-09,age,31.0,15464,3341,550,368,380,349
2022-09-09,age,32.0,14955,3335,189,247,179,209
2022-09-09,age,33.0,14560,3252,356,278,280,193
2022-09-09,age,34.0,14478,3204,133,239,127,127
2022-09-09,age,35.0,13554,2838,349,267,199,115
2022-09-09,age,36.0,13093,2852,106,224,87,103
2022-09-09,age,37.0,11343,2488,386,315,210,143
2022-09-09,age,38.0,11112,2434,51,266,44,111
2022-09-09,age,39.0,10213,2308,48,172,43,83
2022-09-09,age,40.0,10262,2234,40,230,34,101
2022-09-09,age,41.0,9352,1966,127,133,69,61
2022-09-09,age,42.0,8705,1913,140,131,75,74
2022-09-09,age,43.0,8294,1779,1,79,1,39
2022-09-09,age,44.0,7790,1765,174,121,80,62
2022-09-09,age,45.0,7298,1558,6,121,6,52
2022-09-09,age,46.0,5752,1268,7,136,5,102
2022-09-09,age,47.0,4648,1003,110,111,60,67
2022-09-09,age,48.0,4349,994,11,82,6,38
2022-09-09,age,49.0,3971,842,3,70,3,31
2022-09-09,age,50.0,4161,847,0,58,0,21
2022-09-09,age,51.0,3518,788,2,71,2,36
2022-09-09,age,52.0,3524,749,0,59,0,25
2022-09-09,age,53.0,2085,454,0,56,0,25
2022-09-09,age,54.0,2715,595,0,55,0,27
2022-09-09,age,55.0,1864,428,0,39,0,17
2022-09-09,age,56.0,2114,479,123,16,74,10
2022-09-09,age,57.0,1166,244,0,39,0,14
2022-09-09,age,58.0,1555,346,0,32,0,13
2022-09-09,age,59.0,1014,209,0,18,0,7
2022-09-09,age,60.0,1111,240,0,2,0,2
2022-09-09,age,61.0,715,142,0,3,0,3
2022-09-09,age,62.0,858,189,0,16,0,8
2022-09-09,age,63.0,436,118,0,6,0,4
2022-09-09,age,64.0,535,127,0,3,0,2
2022-09-09,age,65.0,204,40,0,0,0,0
2022-09-09,age,66.0,261,60,0,2,0,2
2022-09-09,age,67.0,213,43,0,9,0,4
2022-09-09,age,68.0,101,24,0,5,0,2
2022-09-09,age,69.0,168,40,0,1,0,1
2022-09-09,age,70.0,110,19,0,0,0,0
2022-09-09,age,71.0,143,24,0,0,0,0
2022-09-09,age,72.0,79,15,0,0,0,0
2022-09-09,age,74.0,21,3,0,4,0,1
2022-09-09,age,75.0,20,2,0,0,0,0
2022-09-09,age,76.0,18,5,0,0,0,0
2022-09-09,age,78.0,133,24,0,0,0,0
2022-09-09,age,80.0,48,11,0,0,0,0
2022-09-09,age,84.0,77,19,0,0,0,0
2022-09-09,age,unknown,0,0,318,0,310,0
2022-09-10,os,Android,442987,95566,7992,8316,6494,6609
2022-09-10,os,iOS,236378,51998,4848,4585,3718,3662
2022-09-10,os,unknown,0,0,61,0,59,0
2022-09-10,gender,female,305439,66394,4863,5829,4228,4617
2022-09-10,gender,male,373926,81170,7977,7072,5984,5654
2022-09-10,gender,unknown,0,0,61,0,59,0
2022-09-10,age,14.0,9743,2086,100,244,86,87
2022-09-10,age,15.0,21387,4554,247,477,219,278
2022-09-10,age,16.0,27022,5944,375,568,326,523
2022-09-10,age,17.0,31474,6780,313,460,278,438
2022-09-10,age,18.0,38328,8427,525,767,503,750
2022-09-10,age,19.0,40444,8968,886,709,710,695
2022-09-10,age,20.0,44065,9314,1014,838,855,820
2022-09-10,age,21.0,42171,9064,793,761,739,748
2022-09-10,age,22.0,38123,8259,966,743,852,731
2022-09-10,age,23.0,32172,7136,969,539,628,525
2022-09-10,age,24.0,28890,6308,887,502,647,493
2022-09-10,age,25.0,23624,5196,501,491,488,486
2022-09-10,age,26.0,20231,4402,439,429,428,417
2022-09-10,age,27.0,19247,4118,244,280,241,271
2022-09-10,age,28.0,16986,3766,376,332,362,323
2022-09-10,age,29.0,16925,3639,651,345,443,336
2022-09-10,age,30.0,16482,3683,354,389,341,375
2022-09-10,age,31.0,15792,3482,679,356,413,333
2022-09-10,age,32.0,14904,3307,440,301,317,269
2022-09-10,age,33.0,15031,3337,351,290,256,186
2022-09-10,age,34.0,12387,2663,182,245,165,103
2022-09-10,age,35.0,13526,2965,165,264,142,90
2022-09-10,age,36.0,14033,3043,104,242,98,82
2022-09-10,age,37.0,10598,2378,234,281,159,97
2022-09-10,age,38.0,11648,2427,70,256,57,89
2022-09-10,age,39.0,10816,2277,59,240,49,81
2022-09-10,age,40.0,9375,1968,19,196,19,69
2022-09-10,age,41.0,9470,2021,55,157,32,52
2022-09-10,age,42.0,8562,1877,29,115,20,41
2022-09-10,age,43.0,7946,1787,3,75,3,26
2022-09-10,age,44.0,6779,1476,270,120,97,43
2022-09-10,age,45.0,7155,1461,241,123,78,43
2022-09-10,age,46.0,5310,1143,128,143,71,124
2022-09-10,age,47.0,4518,965,1,81,1,35
2022-09-10,age,48.0,4075,858,1,64,1,24
2022-09-10,age,49.0,3897,828,4,74,3,31
2022-09-10,age,50.0,3717,806,2,68,2,33
2022-09-10,age,51.0,3644,767,2,55,2,21
2022-09-10,age,52.0,2310,511,1,45,1,18
2022-09-10,age,53.0,2504,508,0,37,0,16
2022-09-10,age,54.0,2214,493,0,40,0,15
2022-09-10,age,55.0,2216,458,0,27,0,8
2022-09-10,age,56.0,1855,391,160,18,80,7
2022-09-10,age,57.0,1174,254,0,15,0,3
2022-09-10,age,58.0,915,200,0,8,0,4
2022-09-10,age,59.0,766,178,0,5,0,1
2022-09-10,age,60.0,1042,240,0,6,0,1
2022-09-10,age,61.0,675,143,0,17,0,7
2022-09-10,age,62.0,484,89,0,24,0,10
2022-09-10,age,63.0,435,90,0,0,0,0
2022-09-10,age,64.0,480,118,0,0,0,0
2022-09-10,age,65.0,144,32,0,9,0,3
2022-09-10,age,66.0,333,74,0,0,0,0
2022-09-10,age,67.0,138,44,0,16,0,4
2022-09-10,age,68.0,326,80,0,10,0,4
2022-09-10,age,69.0,23,5,0,4,0,2
2022-09-10,age,70.0,228,43,0,0,0,0
2022-09-10,age,71.0,63,17,0,0,0,0
2022-09-10,age,72.0,54,6,0,0,0,0
2022-09-10,age,73.0,105,21,0,0,0,0
2022-09-10,age,74.0,77,19,0,0,0,0
2022-09-10,age,76.0,83,12,0,0,0,0
2022-09-10,age,77.0,112,31,0,0,0,0
2022-09-10,age,78.0,35,5,0,0,0,0
2022-09-10,age,79.0,47,16,0,0,0,0
2022-09-10,age,81.0,30,6,0,0,0,0
2022-09-10,age,unknown,0,0,61,0,59,0
2022-09-13,os,Android,530598,115437,7945,8212,6283,6408
2022-09-13,os,iOS,286135,62121,4803,4674,3546,3552
2022-09-13,os,unknown,0,0,138,0,131,0
2022-09-13,gender,female,361065,78458,5669,5869,4579,4556
2022-09-13,gender,male,455668,99100,7079,7017,5250,5404
2022-09-13,gender,unknown,0,0,138,0,131,0
2022-09-13,age,14.0,11190,2354,223,146,114,55
2022-09-13,age,15.0,25682,5588,161,390,146,188
2022-09-13,age,16.0,34704,7494,483,469,365,393
2022-09-13,age,17.0,37013,8114,667,504,443,461
2022-09-13,age,18.0,45752,10111,460,715,429,683
2022-09-13,age,19.0,48041,10490,988,788,667,763
2022-09-13,age,20.0,50241,10928,913,750,808,725
2022-09-13,age,21.0,53724,11612,737,778,701,758
2022-09-13,age,22.0,43829,9356,839,707,814,688
2022-09-13,age,23.0,40716,8723,503,548,490,540
2022-09-13,age,24.0,35829,7742,709,652,682,633
2022-09-13,age,25.0,28745,6434,1345,522,809,518
2022-09-13,age,26.0,24664,5519,312,331,306,325
2022-09-13,age,27.0,24518,5377,368,393,360,380
2022-09-13,age,28.0,19516,4371,214,234,194,226
2022-09-13,age,29.0,21326,4627,341,357,323,339
2022-09-13,age,30.0,19314,4186,521,386,411,370
2022-09-13,age,31.0,18273,3938,293,257,272,234
2022-09-13,age,32.0,17644,3819,344,284,278,235
2022-09-13,age,33.0,18077,3921,128,226,121,120
2022-09-13,age,34.0,15761,3404,117,213,109,94
2022-09-13,age,35.0,15542,3420,108,301,96,95
2022-09-13,age,36.0,16724,3626,427,190,167,70
2022-09-13,age,37.0,12546,2766,381,239,178,80
2022-09-13,age,38.0,13334,2854,72,265,61,93
2022-09-13,age,39.0,12875,2781,49,210,48,77
2022-09-13,age,40.0,11579,2494,308,232,129,82
2022-09-13,age,41.0,10603,2323,28,221,27,83
2022-09-13,age,42.0,10503,2249,18,168,18,55
2022-09-13,age,43.0,8452,1837,13,165,9,51
2022-09-13,age,44.0,8089,1833,17,127,15,48
2022-09-13,age,45.0,7810,1607,1,150,1,54
2022-09-13,age,46.0,5994,1296,18,163,13,145
2022-09-13,age,47.0,5928,1218,1,82,1,27
2022-09-13,age,48.0,5365,1144,4,60,3,21
2022-09-13,age,49.0,5097,1144,0,97,0,40
2022-09-13,age,50.0,4602,1010,2,57,2,23
2022-09-13,age,51.0,4127,914,1,90,1,33
2022-09-13,age,52.0,3537,780,313,69,112,28
2022-09-13,age,53.0,3032,631,321,55,106,21
2022-09-13,age,54.0,2643,566,0,75,0,24
2022-09-13,age,55.0,2460,533,0,25,0,8
2022-09-13,age,56.0,1912,389,0,20,0,11
2022-09-13,age,57.0,1067,234,0,8,0,3
2022-09-13,age,58.0,1247,278,0,51,0,17
2022-09-13,age,59.0,1168,228,0,16,0,5
2022-09-13,age,60.0,1367,328,0,31,0,9
2022-09-13,age,61.0,711,136,0,2,0,2
2022-09-13,age,62.0,921,194,0,17,0,10
2022-09-13,age,63.0,391,80,0,2,0,1
2022-09-13,age,64.0,532,94,0,5,0,2
2022-09-13,age,65.0,280,55,0,0,0,0
2022-09-13,age,66.0,462,120,0,5,0,2
2022-09-13,age,67.0,273,75,0,4,0,2
2022-09-13,age,68.0,358,71,0,0,0,0
2022-09-13,age,69.0,158,33,0,0,0,0
2022-09-13,age,70.0,53,12,0,5,0,2
2022-09-13,age,71.0,23,8,0,12,0,4
2022-09-13,age,72.0,98,14,0,8,0,2
2022-09-13,age,73.0,18,1,0,0,0,0
2022-09-13,age,74.0,16,1,0,9,0,2
2022-09-13,age,76.0,120,26,0,0,0,0
2022-09-13,age,77.0,18,3,0,0,0,0
2022-09-13,age,78.0,41,12,0,0,0,0
2022-09-13,age,79.0,17,6,0,0,0,0
2022-09-13,age,87.0,81,26,0,0,0,0
2022-09-13,age,unknown,0,0,138,0,131,0
2022-09-14,os,Android,616684,137603,8200,8380,6245,6489
2022-09-14,os,iOS,323433,72711,4614,4521,3599,3440
2022-09-14,os,unknown,0,0,87,0,85,0
2022-09-14,gender,female,421372,94276,5147,5852,4404,4541
2022-09-14,gender,male,518745,116038,7667,7049,5440,5388
2022-09-14,gender,unknown,0,0,87,0,85,0
2022-09-14,age,14.0,13024,2897,52,207,50,82
2022-09-14,age,15.0,30062,6655,230,391,181,166
2022-09-14,age,16.0,38477,8583,454,510,322,429
2022-09-14,age,17.0,41838,9311,328,605,306,574
2022-09-14,age,18.0,51175,11480,1269,680,714,657
2022-09-14,age,19.0,56944,12895,606,725,577,702
2022-09-14,age,20.0,57100,12962,1036,792,876,776
2022-09-14,age,21.0,55270,12395,837,836,794,810
2022-09-14,age,22.0,53092,11888,1806,777,1090,755
2022-09-14,age,23.0,48195,10720,619,548,599,537
2022-09-14,age,24.0,37711,8466,527,520,510,509
2022-09-14,age,25.0,34489,7681,532,459,518,450
2022-09-14,age,26.0,30636,6601,336,374,321,363
2022-09-14,age,27.0,24079,5426,604,402,442,390
2022-09-14,age,28.0,25067,5597,550,277,439,265
2022-09-14,age,29.0,23310,5310,315,378,292,361
2022-09-14,age,30.0,22458,5137,268,308,248,288
2022-09-14,age,31.0,20368,4694,240,291,213,264
2022-09-14,age,32.0,22282,4933,595,311,346,240
2022-09-14,age,33.0,19680,4368,177,275,161,113
2022-09-14,age,34.0,19580,4461,382,313,209,116
2022-09-14,age,35.0,20584,4553,122,227,120,92
2022-09-14,age,36.0,17035,3737,103,235,83,78
2022-09-14,age,37.0,15605,3494,281,238,164,83
2022-09-14,age,38.0,17267,3861,77,218,62,79
2022-09-14,age,39.0,14604,3317,403,196,149,69
2022-09-14,age,40.0,13193,2759,10,176,10,68
2022-09-14,age,41.0,12064,2778,9,234,9,78
2022-09-14,age,42.0,12503,2713,12,142,10,51
2022-09-14,age,43.0,10490,2302,4,104,4,39
2022-09-14,age,44.0,10026,2201,7,109,5,33
2022-09-14,age,45.0,8427,1907,6,127,6,40
2022-09-14,age,46.0,7453,1685,6,126,4,89
2022-09-14,age,47.0,7294,1608,5,72,4,32
2022-09-14,age,48.0,6771,1556,1,67,1,26
2022-09-14,age,49.0,5140,1130,0,104,0,33
2022-09-14,age,50.0,5127,1206,0,68,0,22
2022-09-14,age,51.0,4715,1009,2,58,2,24
2022-09-14,age,52.0,2984,623,2,46,2,19
2022-09-14,age,53.0,3310,805,0,53,0,15
2022-09-14,age,54.0,3224,683,1,54,1,16
2022-09-14,age,55.0,2324,545,0,50,0,18
2022-09-14,age,56.0,2373,521,0,29,0,15
2022-09-14,age,57.0,2095,478,0,22,0,6
2022-09-14,age,58.0,1667,382,0,18,0,8
2022-09-14,age,59.0,1608,345,0,22,0,8
2022-09-14,age,60.0,1374,313,0,11,0,4
2022-09-14,age,61.0,1047,227,0,4,0,2
2022-09-14,age,62.0,1135,248,0,31,0,11
2022-09-14,age,63.0,309,80,0,3,0,2
2022-09-14,age,64.0,937,218,0,5,0,2
2022-09-14,age,65.0,289,67,0,13,0,4
2022-09-14,age,66.0,434,111,0,2,0,1
2022-09-14,age,67.0,566,133,0,0,0,0
2022-09-14,age,68.0,279,43,0,8,0,2
2022-09-14,age,69.0,127,28,0,0,0,0
2022-09-14,age,70.0,176,41,0,0,0,0
2022-09-14,age,71.0,259,48,0,8,0,2
2022-09-14,age,72.0,191,32,0,27,0,7
2022-09-14,age,74.0,0,0,0,10,0,2
2022-09-14,age,75.0,0,0,0,5,0,2
2022-09-14,age,76.0,49,16,0,0,0,0
2022-09-14,age,77.0,57,12,0,0,0,0
2022-09-14,age,78.0,63,14,0,0,0,0
2022-09-14,age,80.0,89,21,0,0,0,0
2022-09-14,age,86.0,16,4,0,0,0,0
2022-09-14,age,unknown,0,0,87,0,85,0
2022-09-21,os,Android,491131,105332,8032,8231,6640,6872
2022-09-21,os,iOS,264364,56769,4252,4670,3589,3899
2022-09-21,os,unknown,0,0,617,0,542,0
2022-09-21,gender,female,335259,71800,5290,5703,4454,4805
2022-09-21,gender,male,420236,90301,6994,7198,5775,5966
2022-09-21,gender,unknown,0,0,617,0,542,0
2022-09-21,age,14.0,11094,2313,54,236,52,121
2022-09-21,age,15.0,24345,5128,169,396,163,300
2022-09-21,age,16.0,29032,6289,286,475,276,429
2022-09-21,age,17.0,35830,7801,433,614,411,597
2022-09-21,age,18.0,41202,8909,779,792,709,778
2022-09-21,age,19.0,46815,9993,822,914,774,893
2022-09-21,age,20.0,47187,10257,1430,770,1090,762
2022-09-21,age,21.0,47188,9914,921,852,871,844
2022-09-21,age,22.0,41724,8790,1142,676,917,664
2022-09-21,age,23.0,40175,8577,753,602,685,595
2022-09-21,age,24.0,30255,6625,647,513,616,505
2022-09-21,age,25.0,26910,5752,434,444,421,440
2022-09-21,age,26.0,24142,5146,471,354,395,348
2022-09-21,age,27.0,20549,4349,328,360,319,358
2022-09-21,age,28.0,19001,4213,327,309,291,304
2022-09-21,age,29.0,18575,3942,338,269,282,261
2022-09-21,age,30.0,18640,4120,301,300,290,290
2022-09-21,age,31.0,16928,3626,210,306,204,293
2022-09-21,age,32.0,17697,3796,223,348,210,243
2022-09-21,age,33.0,14273,3053,180,209,155,126
2022-09-21,age,34.0,15998,3516,327,238,177,131
2022-09-21,age,35.0,16102,3562,387,232,196,116
2022-09-21,age,36.0,13862,2903,118,232,112,120
2022-09-21,age,37.0,12906,2781,184,201,113,112
2022-09-21,age,38.0,12283,2648,409,253,175,130
2022-09-21,age,39.0,11597,2456,33,210,28,100
2022-09-21,age,40.0,10063,2128,141,195,84,88
2022-09-21,age,41.0,9673,2044,13,165,11,85
2022-09-21,age,42.0,9020,1867,195,143,93,68
2022-09-21,age,43.0,7345,1610,5,137,5,59
2022-09-21,age,44.0,7632,1727,5,92,4,59
2022-09-21,age,45.0,6290,1399,7,146,5,74
2022-09-21,age,46.0,6091,1228,6,111,5,82
2022-09-21,age,47.0,5078,1078,1,103,1,65
2022-09-21,age,48.0,5404,1162,2,80,2,33
2022-09-21,age,49.0,4917,1030,0,121,0,58
2022-09-21,age,50.0,4129,924,1,71,1,30
2022-09-21,age,51.0,4006,785,0,56,0,29
2022-09-21,age,52.0,3292,714,1,48,1,23
2022-09-21,age,53.0,2454,554,201,46,85,23
2022-09-21,age,54.0,2324,513,0,43,0,25
2022-09-21,age,55.0,2220,476,0,26,0,14
2022-09-21,age,56.0,1829,444,0,34,0,15
2022-09-21,age,57.0,1663,351,0,28,0,13
2022-09-21,age,58.0,891,191,0,21,0,8
2022-09-21,age,59.0,1299,236,0,27,0,12
2022-09-21,age,60.0,966,180,0,23,0,13
2022-09-21,age,61.0,872,182,0,0,0,0
2022-09-21,age,62.0,676,137,0,19,0,6
2022-09-21,age,63.0,375,100,0,6,0,3
2022-09-21,age,64.0,522,101,0,3,0,2
2022-09-21,age,65.0,321,66,0,9,0,5
2022-09-21,age,66.0,512,114,0,20,0,8
2022-09-21,age,67.0,136,54,0,7,0,5
2022-09-21,age,68.0,203,54,0,0,0,0
2022-09-21,age,69.0,105,17,0,0,0,0
2022-09-21,age,70.0,157,31,0,6,0,2
2022-09-21,age,71.0,180,30,0,10,0,4
2022-09-21,age,73.0,54,12,0,0,0,0
2022-09-21,age,74.0,119,22,0,0,0,0
2022-09-21,age,76.0,128,32,0,0,0,0
2022-09-21,age,77.0,96,25,0,0,0,0
2022-09-21,age,78.0,103,13,0,0,0,0
2022-09-21,age,81.0,11,4,0,0,0,0
2022-09-21,age,84.0,29,7,0,0,0,0
2022-09-21,age,unknown,0,0,617,0,542,0
2022-09-22,os,Android,475011,100430,7680,8527,6581,6884
2022-09-22,os,iOS,257843,54131,5450,4690,4020,3802
2022-09-22,os,unknown,0,0,87,0,85,0
2022-09-22,gender,female,332838,70199,5410,5949,4545,4747
2022-09-22,gender,male,400016,84362,7720,7268,6056,5939
2022-09-22,gender,unknown,0,0,87,0,85,0
2022-09-22,age,14.0,10560,2173,70,177,70,87
2022-09-22,age,15.0,22275,4727,210,387,197,274
2022-09-22,age,16.0,29113,6059,359,519,340,489
2022-09-22,age,17.0,32683,6817,487,619,466,600
2022-09-22,age,18.0,40905,8631,913,676,612,655
2022-09-22,age,19.0,46215,9713,957,857,776,836
2022-09-22,age,20.0,47008,9913,917,767,834,755
2022-09-22,age,21.0,47830,10082,1229,855,964,840
2022-09-22,age,22.0,40247,8339,1368,801,1008,794
2022-09-22,age,23.0,36606,7776,706,628,693,615
2022-09-22,age,24.0,29990,6311,769,591,631,584
2022-09-22,age,25.0,26280,5474,833,570,620,564
2022-09-22,age,26.0,23182,4933,680,293,501,291
2022-09-22,age,27.0,19593,4118,358,386,352,378
2022-09-22,age,28.0,18343,3981,407,364,402,359
2022-09-22,age,29.0,16857,3586,575,319,410,312
2022-09-22,age,30.0,19001,4065,249,240,241,234
2022-09-22,age,31.0,17110,3695,294,345,278,325
2022-09-22,age,32.0,16761,3563,422,266,284,229
2022-09-22,age,33.0,15547,3293,166,252,140,170
2022-09-22,age,34.0,14572,3075,205,248,153,97
2022-09-22,age,35.0,13757,2954,114,346,107,125
2022-09-22,age,36.0,12920,2772,103,237,92,92
2022-09-22,age,37.0,13795,2847,61,232,57,92
2022-09-22,age,38.0,11749,2526,66,154,55,60
2022-09-22,age,39.0,11367,2397,24,163,22,70
2022-09-22,age,40.0,10111,2109,292,185,141,72
2022-09-22,age,41.0,9600,1943,18,251,18,90
2022-09-22,age,42.0,8301,1764,6,179,6,61
2022-09-22,age,43.0,7496,1574,14,225,11,82
2022-09-22,age,44.0,7101,1496,2,175,2,68
2022-09-22,age,45.0,6957,1463,2,71,2,31
2022-09-22,age,46.0,6029,1333,3,82,3,67
2022-09-22,age,47.0,5606,1124,7,61,5,36
2022-09-22,age,48.0,4626,943,0,80,0,28
2022-09-22,age,49.0,3775,780,1,63,1,25
2022-09-22,age,50.0,3568,752,3,91,3,36
2022-09-22,age,51.0,3114,634,239,84,103,28
2022-09-22,age,52.0,3296,712,0,62,0,24
2022-09-22,age,53.0,3140,708,0,46,0,17
2022-09-22,age,54.0,2551,555,1,39,1,14
2022-09-22,age,55.0,1869,390,0,33,0,10
2022-09-22,age,56.0,1670,378,0,22,0,8
2022-09-22,age,57.0,1670,403,0,40,0,12
2022-09-22,age,58.0,1034,188,0,6,0,2
2022-09-22,age,59.0,672,137,0,25,0,10
2022-09-22,age,60.0,1466,304,0,28,0,8
2022-09-22,age,61.0,914,212,0,13,0,5
2022-09-22,age,62.0,1071,217,0,25,0,8
2022-09-22,age,63.0,354,88,0,3,0,2
2022-09-22,age,64.0,528,118,0,15,0,6
2022-09-22,age,65.0,264,60,0,3,0,2
2022-09-22,age,66.0,466,92,0,7,0,2
2022-09-22,age,67.0,155,29,0,0,0,0
2022-09-22,age,68.0,210,47,0,0,0,0
2022-09-22,age,69.0,116,23,0,0,0,0
2022-09-22,age,70.0,123,14,0,4,0,1
2022-09-22,age,71.0,182,32,0,3,0,2
2022-09-22,age,72.0,120,31,0,0,0,0
2022-09-22,age,73.0,84,15,0,0,0,0
2022-09-22,age,74.0,110,18,0,4,0,2
2022-09-22,age,75.0,33,7,0,0,0,0
2022-09-22,age,76.0,51,7,0,0,0,0
2022-09-22,age,78.0,103,22,0,0,0,0
2022-09-22,age,79.0,42,16,0,0,0,0
2022-09-22,age,84.0,10,3,0,0,0,0
2022-09-22,age,unknown,0,0,87,0,85,0
2022-09-23,os,Android,0,0,8827,8123,6593,6401
2022-09-23,os,iOS,0,0,3608,4459,3120,3455
2022-09-23,os,unknown,0,0,147,0,143,0
2022-09-23,gender,female,0,0,6603,5408,4546,4213
2022-09-23,gender,male,0,0,5832,7174,5167,5643
2022-09-23,gender,unknown,0,0,147,0,143,0
2022-09-23,age,14.0,0,0,83,208,80,83
2022-09-23,age,15.0,0,0,202,388,195,279
2022-09-23,age,16.0,0,0,745,582,489,545
2022-09-23,age,17.0,0,0,394,592,368,573
2022-09-23,age,18.0,0,0,645,729,620,704
2022-09-23,age,19.0,0,0,726,790,703,774
2022-09-23,age,20.0,0,0,622,657,599,640
2022-09-23,age,21.0,0,0,884,752,762,744
2022-09-23,age,22.0,0,0,773,663,750,654
2022-09-23,age,23.0,0,0,688,690,673,676
2022-09-23,age,24.0,0,0,760,467,564,456
2022-09-23,age,25.0,0,0,385,414,377,404
2022-09-23,age,26.0,0,0,1145,381,650,370
2022-09-23,age,27.0,0,0,339,300,329,297
2022-09-23,age,28.0,0,0,328,366,320,358
2022-09-23,age,29.0,0,0,245,294,234,286
2022-09-23,age,30.0,0,0,286,273,239,261
2022-09-23,age,31.0,0,0,462,263,265,252
2022-09-23,age,32.0,0,0,171,290,164,213
2022-09-23,age,33.0,0,0,200,225,176,83
2022-09-23,age,34.0,0,0,170,272,151,96
2022-09-23,age,35.0,0,0,114,241,100,86
2022-09-23,age,36.0,0,0,738,301,262,105
2022-09-23,age,37.0,0,0,428,269,180,89
2022-09-23,age,38.0,0,0,33,198,32,77
2022-09-23,age,39.0,0,0,51,146,35,48
2022-09-23,age,40.0,0,0,160,147,107,60
2022-09-23,age,41.0,0,0,17,237,15,90
2022-09-23,age,42.0,0,0,26,133,19,48
2022-09-23,age,43.0,0,0,17,155,8,56
2022-09-23,age,44.0,0,0,3,108,3,44
2022-09-23,age,45.0,0,0,368,116,107,45
2022-09-23,age,46.0,0,0,13,128,6,81
2022-09-23,age,47.0,0,0,6,104,5,38
2022-09-23,age,48.0,0,0,2,125,2,43
2022-09-23,age,49.0,0,0,1,97,1,34
2022-09-23,age,50.0,0,0,1,54,1,17
2022-09-23,age,51.0,0,0,107,73,67,28
2022-09-23,age,52.0,0,0,97,62,55,22
2022-09-23,age,53.0,0,0,0,31,0,10
2022-09-23,age,54.0,0,0,0,44,0,18
2022-09-23,age,55.0,0,0,0,28,0,8
2022-09-23,age,56.0,0,0,0,45,0,14
2022-09-23,age,57.0,0,0,0,20,0,7
2022-09-23,age,58.0,0,0,0,11,0,4
2022-09-23,age,59.0,0,0,0,15,0,5
2022-09-23,age,60.0,0,0,0,6,0,4
2022-09-23,age,61.0,0,0,0,18,0,6
2022-09-23,age,62.0,0,0,0,16,0,4
2022-09-23,age,63.0,0,0,0,20,0,6
2022-09-23,age,64.0,0,0,0,2,0,1
2022-09-23,age,66.0,0,0,0,7,0,2
2022-09-23,age,68.0,0,0,0,5,0,2
2022-09-23,age,71.0,0,0,0,14,0,4
2022-09-23,age,73.0,0,0,0,10,0,2
2022-09-23,age,unknown,0,0,147,0,143,0
2022-09-17,os,Android,509241,114106,7809,8412,6605,6802
2022-09-17,os,iOS,275299,61784,5010,4487,3594,3476
2022-09-17,os,unknown,0,0,80,0,79,0
2022-09-17,gender,female,348843,78289,5618,5859,4672,4713
2022-09-17,gender,male,435697,97601,7201,7040,5527,5565
2022-09-17,gender,unknown,0,0,80,0,79,0
2022-09-17,age,14.0,10251,2260,62,218,59,86
2022-09-17,age,15.0,24574,5516,584,502,356,380
2022-09-17,age,16.0,31429,7146,484,515,385,479
2022-09-17,age,17.0,37259,8351,453,577,435,559
2022-09-17,age,18.0,44794,10141,821,765,737,745
2022-09-17,age,19.0,49502,11014,1476,707,856,688
2022-09-17,age,20.0,51417,11479,1051,863,907,844
2022-09-17,age,21.0,48116,10767,1300,804,921,785
2022-09-17,age,22.0,43771,9826,710,823,698,812
2022-09-17,age,23.0,39506,8812,935,652,800,644
2022-09-17,age,24.0,32325,7262,415,390,408,383
2022-09-17,age,25.0,28804,6449,639,501,573,489
2022-09-17,age,26.0,24266,5422,700,385,411,375
2022-09-17,age,27.0,21179,4710,371,330,357,317
2022-09-17,age,28.0,22456,5066,521,457,454,445
2022-09-17,age,29.0,20519,4583,315,322,302,309
2022-09-17,age,30.0,17750,3950,434,357,409,339
2022-09-17,age,31.0,18176,4158,225,293,210,260
2022-09-17,age,32.0,16055,3578,606,249,303,163
2022-09-17,age,33.0,15176,3474,135,265,128,106
2022-09-17,age,34.0,14788,3393,143,221,129,76
2022-09-17,age,35.0,16909,3959,81,164,70,62
2022-09-17,age,36.0,15225,3418,171,223,123,95
2022-09-17,age,37.0,13346,3009,53,201,51,71
2022-09-17,age,38.0,11549,2635,51,243,47,82
2022-09-17,age,39.0,11500,2530,26,257,26,88
2022-09-17,age,40.0,9670,2169,11,123,7,41
2022-09-17,age,41.0,7973,1796,12,142,10,56
2022-09-17,age,42.0,9546,2183,8,129,7,46
2022-09-17,age,43.0,7724,1701,12,129,9,54
2022-09-17,age,44.0,8370,1876,2,117,1,49
2022-09-17,age,45.0,6605,1457,0,84,0,33
2022-09-17,age,46.0,6372,1461,0,81,0,35
2022-09-17,age,47.0,5447,1154,1,104,1,44
2022-09-17,age,48.0,4350,922,2,120,2,38
2022-09-17,age,49.0,4749,1028,0,33,0,12
2022-09-17,age,50.0,4341,889,0,81,0,26
2022-09-17,age,51.0,4723,1080,5,107,5,35
2022-09-17,age,52.0,3065,704,0,23,0,10
2022-09-17,age,53.0,2767,638,0,66,0,21
2022-09-17,age,54.0,2775,598,4,40,2,12
2022-09-17,age,55.0,2696,578,0,25,0,9
2022-09-17,age,56.0,1915,408,0,33,0,10
2022-09-17,age,57.0,1557,340,0,42,0,14
2022-09-17,age,58.0,1490,348,0,11,0,4
2022-09-17,age,59.0,1479,313,0,13,0,6
2022-09-17,age,60.0,1068,196,0,32,0,10
2022-09-17,age,61.0,630,122,0,15,0,4
2022-09-17,age,62.0,614,117,0,6,0,2
2022-09-17,age,63.0,549,124,0,16,0,5
2022-09-17,age,64.0,547,115,0,10,0,4
2022-09-17,age,65.0,487,109,0,5,0,2
2022-09-17,age,66.0,633,165,0,6,0,4
2022-09-17,age,67.0,327,88,0,5,0,4
2022-09-17,age,68.0,220,42,0,0,0,0
2022-09-17,age,69.0,210,50,0,7,0,2
2022-09-17,age,70.0,296,65,0,8,0,2
2022-09-17,age,71.0,108,22,0,0,0,0
2022-09-17,age,72.0,87,19,0,0,0,0
2022-09-17,age,73.0,36,9,0,2,0,2
2022-09-17,age,75.0,182,34,0,0,0,0
2022-09-17,age,76.0,63,9,0,0,0,0
2022-09-17,age,77.0,61,20,0,0,0,0
2022-09-17,age,78.0,45,11,0,0,0,0
2022-09-17,age,80.0,53,9,0,0,0,0
2022-09-17,age,95.0,68,13,0,0,0,0
2022-09-17,age,unknown,0,0,80,0,79,0
2022-09-18,os,Android,483114,105753,7656,8241,6335,6833
2022-09-18,os,iOS,259847,57127,4779,4658,3883,3793
2022-09-18,os,unknown,0,0,464,0,408,0
2022-09-18,gender,female,335613,73261,5008,5473,4125,4529
2022-09-18,gender,male,407348,89619,7427,7426,6093,6097
2022-09-18,gender,unknown,0,0,464,0,408,0
2022-09-18,age,14.0,9878,2109,54,225,54,112
2022-09-18,age,15.0,24153,5378,134,423,131,285
2022-09-18,age,16.0,29496,6564,333,445,286,403
2022-09-18,age,17.0,33293,7395,528,560,463,543
2022-09-18,age,18.0,41131,8965,614,682,555,660
2022-09-18,age,19.0,46397,10152,617,773,600,754
2022-09-18,age,20.0,48520,10487,970,793,729,784
2022-09-18,age,21.0,45728,10008,903,754,851,748
2022-09-18,age,22.0,43565,9562,923,699,797,686
2022-09-18,age,23.0,36864,8168,770,595,693,587
2022-09-18,age,24.0,30354,6777,943,677,780,664
2022-09-18,age,25.0,28519,6119,583,568,577,565
2022-09-18,age,26.0,24273,5511,491,377,438,373
2022-09-18,age,27.0,20977,4616,460,415,451,406
2022-09-18,age,28.0,18508,3900,265,260,258,256
2022-09-18,age,29.0,19620,4215,280,314,259,308
2022-09-18,age,30.0,18202,3997,357,258,290,252
2022-09-18,age,31.0,17768,3824,221,255,207,230
2022-09-18,age,32.0,14757,3268,366,212,229,165
2022-09-18,age,33.0,15629,3314,226,267,198,161
2022-09-18,age,34.0,13811,3044,355,233,229,133
2022-09-18,age,35.0,14422,3184,195,230,149,116
2022-09-18,age,36.0,13452,2937,107,316,101,142
2022-09-18,age,37.0,13327,2941,323,223,169,115
2022-09-18,age,38.0,11058,2400,57,216,54,108
2022-09-18,age,39.0,11285,2568,27,239,25,117
2022-09-18,age,40.0,9422,2079,118,188,86,93
2022-09-18,age,41.0,9612,2062,14,132,11,75
2022-09-18,age,42.0,9041,2000,113,199,74,83
2022-09-18,age,43.0,7931,1646,10,124,10,67
2022-09-18,age,44.0,6921,1579,4,90,3,44
2022-09-18,age,45.0,6898,1457,5,121,5,63
2022-09-18,age,46.0,6231,1330,170,138,87,114
2022-09-18,age,47.0,5216,1183,0,138,0,68
2022-09-18,age,48.0,4608,1010,314,67,95,32
2022-09-18,age,49.0,3727,845,0,82,0,39
2022-09-18,age,50.0,3610,795,7,128,5,52
2022-09-18,age,51.0,3943,876,3,70,2,35
2022-09-18,age,52.0,3120,697,388,47,144,18
2022-09-18,age,53.0,2656,601,85,58,56,26
2022-09-18,age,54.0,2366,517,1,26,1,11
2022-09-18,age,55.0,2265,510,0,45,0,19
2022-09-18,age,56.0,1537,342,0,51,0,26
2022-09-18,age,57.0,1559,394,0,20,0,11
2022-09-18,age,58.0,1337,302,0,21,0,11
2022-09-18,age,59.0,899,197,0,17,0,9
2022-09-18,age,60.0,1041,216,0,15,0,5
2022-09-18,age,61.0,612,110,0,22,0,11
2022-09-18,age,62.0,718,191,0,20,0,9
2022-09-18,age,63.0,479,106,101,5,66,3
2022-09-18,age,64.0,364,73,0,10,0,4
2022-09-18,age,65.0,192,38,0,3,0,2
2022-09-18,age,66.0,407,75,0,7,0,5
2022-09-18,age,67.0,198,44,0,5,0,2
2022-09-18,age,68.0,188,37,0,23,0,8
2022-09-18,age,70.0,34,6,0,3,0,3
2022-09-18,age,71.0,176,30,0,8,0,3
2022-09-18,age,72.0,196,41,0,7,0,2
2022-09-18,age,73.0,51,10,0,0,0,0
2022-09-18,age,74.0,91,23,0,0,0,0
2022-09-18,age,75.0,52,12,0,0,0,0
2022-09-18,age,76.0,97,20,0,0,0,0
2022-09-18,age,77.0,26,2,0,0,0,0
2022-09-18,age,80.0,15,0,0,0,0,0
2022-09-18,age,81.0,12,3,0,0,0,0
2022-09-18,age,85.0,85,12,0,0,0,0
2022-09-18,age,87.0,41,6,0,0,0,0
2022-09-18,age,unknown,0,0,464,0,408,0
2022-09-19,os,Android,559103,124491,8089,8099,6513,6530
2022-09-19,os,iOS,297967,67204,4719,4800,3736,3798
2022-09-19,os,unknown,0,0,91,0,79,0
2022-09-19,gender,female,388268,86777,5105,5814,4256,4617
2022-09-19,gender,male,468802,104918,7703,7085,5993,5711
2022-09-19,gender,unknown,0,0,91,0,79,0
2022-09-19,age,14.0,12726,2844,47,181,45,80
2022-09-19,age,15.0,29340,6367,534,396,283,205
2022-09-19,age,16.0,35592,8019,278,553,261,502
2022-09-19,age,17.0,41427,9322,408,626,378,599
2022-09-19,age,18.0,46348,10416,1011,696,667,671
2022-09-19,age,19.0,53495,11951,929,661,754,646
2022-09-19,age,20.0,50371,11074,813,795,775,780
2022-09-19,age,21.0,54138,11979,1045,817,910,802
2022-09-19,age,22.0,45417,10240,617,674,603,663
2022-09-19,age,23.0,45513,10161,637,604,615,593
2022-09-19,age,24.0,37112,8377,458,458,453,451
2022-09-19,age,25.0,28726,6550,669,495,579,482
2022-09-19,age,26.0,27915,6200,524,436,514,433
2022-09-19,age,27.0,23051,5282,444,429,434,419
2022-09-19,age,28.0,23795,5278,609,357,419,349
2022-09-19,age,29.0,23022,5105,629,338,397,323
2022-09-19,age,30.0,18520,4096,348,381,331,366
2022-09-19,age,31.0,18819,4313,320,364,308,343
2022-09-19,age,32.0,19027,4171,430,211,238,179
2022-09-19,age,33.0,17020,3682,248,259,218,184
2022-09-19,age,34.0,16763,3678,364,261,250,118
2022-09-19,age,35.0,19589,4387,118,230,112,104
2022-09-19,age,36.0,16558,3594,124,253,116,93
2022-09-19,age,37.0,13929,3149,307,234,140,87
2022-09-19,age,38.0,14177,3164,69,286,58,104
2022-09-19,age,39.0,11175,2648,41,168,39,64
2022-09-19,age,40.0,11215,2576,21,180,19,65
2022-09-19,age,41.0,9992,2278,21,172,19,67
2022-09-19,age,42.0,10434,2250,13,133,11,47
2022-09-19,age,43.0,10752,2409,2,123,2,46
2022-09-19,age,44.0,7863,1809,253,97,102,39
2022-09-19,age,45.0,7399,1687,20,156,14,61
2022-09-19,age,46.0,6552,1430,152,81,84,68
2022-09-19,age,47.0,5866,1306,4,88,4,37
2022-09-19,age,48.0,5248,1173,2,87,2,30
2022-09-19,age,49.0,4654,1045,4,104,2,40
2022-09-19,age,50.0,4875,1079,4,106,1,38
2022-09-19,age,51.0,4219,926,0,77,0,26
2022-09-19,age,52.0,3824,954,0,55,0,18
2022-09-19,age,53.0,2575,625,0,46,0,14
2022-09-19,age,54.0,3095,685,0,33,0,13
2022-09-19,age,55.0,2168,497,0,44,0,17
2022-09-19,age,56.0,2048,499,0,56,0,21
2022-09-19,age,57.0,1320,268,291,42,92,15
2022-09-19,age,58.0,1722,422,0,20,0,8
2022-09-19,age,59.0,1432,307,0,8,0,5
2022-09-19,age,60.0,1521,317,0,0,0,0
2022-09-19,age,61.0,658,147,0,5,0,4
2022-09-19,age,62.0,721,167,0,11,0,5
2022-09-19,age,63.0,787,185,0,0,0,0
2022-09-19,age,64.0,833,214,0,0,0,0
2022-09-19,age,65.0,308,55,0,0,0,0
2022-09-19,age,66.0,186,45,0,7,0,1
2022-09-19,age,67.0,70,13,0,1,0,1
2022-09-19,age,68.0,65,24,0,0,0,0
2022-09-19,age,69.0,72,11,0,0,0,0
2022-09-19,age,70.0,98,27,0,0,0,0
2022-09-19,age,71.0,214,47,0,4,0,2
2022-09-19,age,72.0,82,17,0,0,0,0
2022-09-19,age,73.0,51,13,0,0,0,0
2022-09-19,age,75.0,49,12,0,0,0,0
2022-09-19,age,76.0,209,51,0,0,0,0
2022-09-19,age,77.0,55,10,0,0,0,0
2022-09-19,age,78.0,15,5,0,0,0,0
2022-09-19,age,80.0,54,16,0,0,0,0
2022-09-19,age,81.0,71,24,0,0,0,0
2022-09-19,age,82.0,79,9,0,0,0,0
2022-09-19,age,84.0,26,10,0,0,0,0
2022-09-19,age,85.0,28,4,0,0,0,0
2022-09-19,age,unknown,0,0,91,0,79,0
2022-09-20,os,Android,516927,115162,8625,8234,6688,6547
2022-09-20,os,iOS,285910,63956,4183,4666,3414,3646
2022-09-20,os,unknown,0,0,92,0,91,0
2022-09-20,gender,female,365566,81738,5727,5627,4492,4479
2022-09-20,gender,male,437271,97380,7081,7273,5610,5714
2022-09-20,gender,unknown,0,0,92,0,91,0
2022-09-20,age,14.0,11688,2586,72,248,70,142
2022-09-20,age,15.0,26028,5785,156,385,146,290
2022-09-20,age,16.0,31516,7002,718,547,468,417
2022-09-20,age,17.0,38008,8504,849,521,591,472
2022-09-20,age,18.0,45164,10089,1186,667,764,657
2022-09-20,age,19.0,49066,11150,781,805,708,788
2022-09-20,age,20.0,50581,11249,1067,840,755,817
2022-09-20,age,21.0,50510,11411,858,758,770,736
2022-09-20,age,22.0,45900,10310,1296,694,820,683
2022-09-20,age,23.0,38712,8700,777,715,762,697
2022-09-20,age,24.0,32420,7180,752,513,723,507
2022-09-20,age,25.0,29683,6648,591,531,531,525
2022-09-20,age,26.0,24447,5361,378,442,366,437
2022-09-20,age,27.0,21915,4824,540,322,409,314
2022-09-20,age,28.0,21189,4548,270,324,263,315
2022-09-20,age,29.0,20162,4599,560,267,346,254
2022-09-20,age,30.0,19760,4553,187,249,179,242
2022-09-20,age,31.0,18186,4065,251,332,227,302
2022-09-20,age,32.0,17636,4017,275,334,246,278
2022-09-20,age,33.0,16819,3770,249,273,215,123
2022-09-20,age,34.0,15237,3426,345,280,236,100
2022-09-20,age,35.0,15793,3508,111,301,105,105
2022-09-20,age,36.0,15022,3393,96,254,92,97
2022-09-20,age,37.0,13968,3047,69,152,57,59
2022-09-20,age,38.0,12552,2716,61,260,53,98
2022-09-20,age,39.0,12493,2700,85,201,53,69
2022-09-20,age,40.0,11117,2344,31,153,20,56
2022-09-20,age,41.0,9977,2227,14,126,12,48
2022-09-20,age,42.0,8582,1933,5,169,5,64
2022-09-20,age,43.0,9349,2037,13,172,11,65
2022-09-20,age,44.0,8119,1718,1,97,1,43
2022-09-20,age,45.0,6607,1548,13,100,7,39
2022-09-20,age,46.0,5530,1231,1,115,1,60
2022-09-20,age,47.0,6446,1423,134,102,76,59
2022-09-20,age,48.0,5306,1210,6,81,6,31
2022-09-20,age,49.0,4509,1000,4,78,3,27
2022-09-20,age,50.0,4284,908,4,62,3,26
2022-09-20,age,51.0,4177,975,0,73,0,25
2022-09-20,age,52.0,3035,655,1,34,1,11
2022-09-20,age,53.0,2959,638,0,43,0,19
2022-09-20,age,54.0,2557,547,1,44,1,16
2022-09-20,age,55.0,2719,607,0,40,0,12
2022-09-20,age,56.0,1729,364,0,20,0,7
2022-09-20,age,57.0,2005,472,0,14,0,4
2022-09-20,age,58.0,1668,399,0,37,0,13
2022-09-20,age,59.0,1236,295,0,32,0,14
2022-09-20,age,60.0,1296,300,0,4,0,2
2022-09-20,age,61.0,761,152,0,16,0,4
2022-09-20,age,62.0,780,178,0,24,0,10
2022-09-20,age,63.0,377,72,0,0,0,0
2022-09-20,age,64.0,413,95,0,0,0,0
2022-09-20,age,65.0,648,143,0,4,0,2
2022-09-20,age,66.0,756,172,0,0,0,0
2022-09-20,age,67.0,340,90,0,0,0,0
2022-09-20,age,68.0,164,38,0,0,0,0
2022-09-20,age,69.0,54,10,0,10,0,2
2022-09-20,age,70.0,189,47,0,7,0,2
2022-09-20,age,71.0,92,17,0,7,0,2
2022-09-20,age,72.0,97,23,0,15,0,4
2022-09-20,age,73.0,60,21,0,6,0,2
2022-09-20,age,74.0,201,41,0,0,0,0
2022-09-20,age,75.0,41,7,0,0,0,0
2022-09-20,age,76.0,80,14,0,0,0,0
2022-09-20,age,82.0,66,12,0,0,0,0
2022-09-20,age,95.0,56,14,0,0,0,0
2022-09-20,age,unknown,0,0,92,0,91,0
2022-09-07,os,Android,497936,106637,7766,8392,6490,6727
2022-09-07,os,iOS,269883,57820,5039,4507,3733,3589
2022-09-07,os,unknown,0,0,94,0,93,0
2022-09-07,gender,female,349920,74759,5402,5734,4414,4629
2022-09-07,gender,male,417899,89698,7403,7165,5809,5687
2022-09-07,gender,unknown,0,0,94,0,93,0
2022-09-07,age,14.0,11843,2495,73,209,68,111
2022-09-07,age,15.0,26204,5451,239,394,220,291
2022-09-07,age,16.0,31014,6616,674,566,401,475
2022-09-07,age,17.0,36144,7777,335,504,327,472
2022-09-07,age,18.0,40466,8660,684,632,563,621
2022-09-07,age,19.0,43418,9423,1033,768,781,751
2022-09-07,age,20.0,47666,10171,984,787,751,763
2022-09-07,age,21.0,47029,10240,869,841,836,821
2022-09-07,age,22.0,45819,9820,1268,703,890,693
2022-09-07,age,23.0,38777,8315,890,676,725,659
2022-09-07,age,24.0,32361,6778,846,453,620,441
2022-09-07,age,25.0,27849,5856,727,503,635,495
2022-09-07,age,26.0,22674,4748,440,432,431,421
2022-09-07,age,27.0,22168,4861,419,430,409,414
2022-09-07,age,28.0,20706,4389,432,476,415,464
2022-09-07,age,29.0,20140,4327,304,321,292,305
2022-09-07,age,30.0,18520,3869,356,366,330,348
2022-09-07,age,31.0,17286,3917,335,321,307,307
2022-09-07,age,32.0,16859,3605,133,183,127,149
2022-09-07,age,33.0,13758,2888,350,200,205,106
2022-09-07,age,34.0,16566,3450,254,272,180,107
2022-09-07,age,35.0,14581,3081,138,221,130,83
2022-09-07,age,36.0,14889,3137,310,267,191,80
2022-09-07,age,37.0,12471,2687,79,267,66,99
2022-09-07,age,38.0,11445,2463,311,216,134,82
2022-09-07,age,39.0,10826,2364,32,137,32,47
2022-09-07,age,40.0,10930,2321,14,127,13,51
2022-09-07,age,41.0,10007,2160,217,166,99,66
2022-09-07,age,42.0,10363,2245,10,167,10,61
2022-09-07,age,43.0,8108,1825,13,172,9,66
2022-09-07,age,44.0,7343,1589,12,133,6,50
2022-09-07,age,45.0,7080,1487,3,121,3,48
2022-09-07,age,46.0,6518,1455,13,135,9,104
2022-09-07,age,47.0,5525,1195,0,87,0,44
2022-09-07,age,48.0,4945,1016,3,87,3,27
2022-09-07,age,49.0,4929,1075,0,79,0,28
2022-09-07,age,50.0,3916,822,0,94,0,33
2022-09-07,age,51.0,4512,976,1,68,1,21
2022-09-07,age,52.0,2285,460,2,66,2,21
2022-09-07,age,53.0,3043,629,0,46,0,16
2022-09-07,age,54.0,2316,554,0,41,0,14
2022-09-07,age,55.0,2390,540,1,34,1,14
2022-09-07,age,56.0,1837,389,1,26,1,10
2022-09-07,age,57.0,1246,285,0,7,0,2
2022-09-07,age,58.0,1453,333,0,8,0,2
2022-09-07,age,59.0,1662,333,0,33,0,10
2022-09-07,age,60.0,891,198,0,4,0,2
2022-09-07,age,61.0,825,208,0,21,0,8
2022-09-07,age,62.0,550,95,0,3,0,2
2022-09-07,age,63.0,683,146,0,9,0,4
2022-09-07,age,64.0,906,222,0,15,0,5
2022-09-07,age,65.0,263,59,0,0,0,0
2022-09-07,age,66.0,385,105,0,0,0,0
2022-09-07,age,67.0,329,88,0,0,0,0
2022-09-07,age,68.0,302,70,0,0,0,0
2022-09-07,age,69.0,38,12,0,0,0,0
2022-09-07,age,70.0,231,42,0,0,0,0
2022-09-07,age,71.0,136,43,0,0,0,0
2022-09-07,age,72.0,80,13,0,5,0,2
2022-09-07,age,73.0,46,9,0,0,0,0
2022-09-07,age,74.0,28,3,0,0,0,0
2022-09-07,age,75.0,40,8,0,0,0,0
2022-09-07,age,76.0,87,16,0,0,0,0
2022-09-07,age,77.0,38,13,0,0,0,0
2022-09-07,age,78.0,40,22,0,0,0,0
2022-09-07,age,83.0,14,2,0,0,0,0
2022-09-07,age,95.0,20,6,0,0,0,0
2022-09-07,age,unknown,0,0,94,0,93,0
2022-09-08,os,Android,494168,104409,8570,8258,6298,6367
2022-09-08,os,iOS,265029,56087,4264,4643,3549,3543
2022-09-08,os,unknown,0,0,67,0,63,0
2022-09-08,gender,female,338971,71598,5794,5824,4533,4539
2022-09-08,gender,male,420226,88898,7040,7077,5314,5371
2022-09-08,gender,unknown,0,0,67,0,63,0
2022-09-08,age,14.0,10330,2179,54,157,48,71
2022-09-08,age,15.0,25907,5385,492,467,283,231
2022-09-08,age,16.0,28102,5878,1058,515,545,418
2022-09-08,age,17.0,34891,7313,399,574,357,535
2022-09-08,age,18.0,40006,8499,838,700,556,662
2022-09-08,age,19.0,46054,9644,778,803,728,782
2022-09-08,age,20.0,49787,10393,1167,760,791,738
2022-09-08,age,21.0,48948,10444,927,804,891,792
2022-09-08,age,22.0,44866,9357,868,730,817,719
2022-09-08,age,23.0,38530,8139,497,536,475,523
2022-09-08,age,24.0,33071,6972,393,345,381,341
2022-09-08,age,25.0,27577,5828,1026,536,686,524
2022-09-08,age,26.0,25859,5499,481,495,469,487
2022-09-08,age,27.0,20564,4399,335,399,322,387
2022-09-08,age,28.0,18198,3903,619,393,441,372
2022-09-08,age,29.0,18473,3892,230,291,220,278
2022-09-08,age,30.0,18030,3872,188,237,169,226
2022-09-08,age,31.0,17023,3688,238,286,228,271
2022-09-08,age,32.0,16498,3411,303,301,274,229
2022-09-08,age,33.0,16001,3419,586,312,296,184
2022-09-08,age,34.0,15141,3358,133,207,116,75
2022-09-08,age,35.0,13255,2906,163,220,143,79
2022-09-08,age,36.0,14793,3199,248,277,167,97
2022-09-08,age,37.0,12062,2522,80,331,76,106
2022-09-08,age,38.0,12491,2654,354,242,143,81
2022-09-08,age,39.0,11069,2272,29,191,25,59
2022-09-08,age,40.0,9662,2008,27,179,22,61
2022-09-08,age,41.0,9738,2053,182,187,93,54
2022-09-08,age,42.0,9543,1989,5,127,5,46
2022-09-08,age,43.0,9075,1911,8,146,5,42
2022-09-08,age,44.0,8553,1800,6,162,6,59
2022-09-08,age,45.0,6572,1442,102,96,56,36
2022-09-08,age,46.0,6533,1416,12,96,7,77
2022-09-08,age,47.0,5534,1135,1,87,1,38
2022-09-08,age,48.0,5249,1124,2,74,1,25
2022-09-08,age,49.0,4006,886,0,75,0,21
2022-09-08,age,50.0,3850,818,2,90,1,30
2022-09-08,age,51.0,3010,642,0,54,0,20
2022-09-08,age,52.0,3113,629,0,53,0,18
2022-09-08,age,53.0,2552,493,2,63,2,19
2022-09-08,age,54.0,2472,492,0,49,0,17
2022-09-08,age,55.0,1818,437,0,34,0,11
2022-09-08,age,56.0,1845,347,1,46,1,13
2022-09-08,age,57.0,934,181,0,17,0,4
2022-09-08,age,58.0,1085,249,0,28,0,6
2022-09-08,age,59.0,1288,308,0,20,0,6
2022-09-08,age,60.0,732,150,0,21,0,7
2022-09-08,age,61.0,481,119,0,18,0,8
2022-09-08,age,62.0,674,151,0,11,0,4
2022-09-08,age,63.0,581,101,0,10,0,3
2022-09-08,age,64.0,632,146,0,12,0,4
2022-09-08,age,65.0,291,67,0,3,0,2
2022-09-08,age,66.0,292,77,0,8,0,2
2022-09-08,age,67.0,339,66,0,1,0,1
2022-09-08,age,68.0,144,44,0,15,0,4
2022-09-08,age,69.0,141,34,0,3,0,1
2022-09-08,age,70.0,245,35,0,0,0,0
2022-09-08,age,71.0,58,6,0,3,0,2
2022-09-08,age,72.0,119,23,0,0,0,0
2022-09-08,age,73.0,126,26,0,0,0,0
2022-09-08,age,74.0,181,28,0,0,0,0
2022-09-08,age,76.0,94,14,0,0,0,0
2022-09-08,age,77.0,0,0,0,4,0,2
2022-09-08,age,78.0,28,6,0,0,0,0
2022-09-08,age,80.0,15,5,0,0,0,0
2022-09-08,age,84.0,66,13,0,0,0,0
2022-09-08,age,unknown,0,0,67,0,63,0
2022-09-11,os,Android,401961,87305,7753,8225,6324,6613
2022-09-11,os,iOS,219580,47961,5042,4667,3948,3753
2022-09-11,os,unknown,0,0,97,0,94,0
2022-09-11,gender,female,285174,62193,4841,5641,4263,4525
2022-09-11,gender,male,336367,73073,7954,7251,6009,5841
2022-09-11,gender,unknown,0,0,97,0,94,0
2022-09-11,age,14.0,8756,1900,241,188,141,77
2022-09-11,age,15.0,19509,4266,709,524,441,409
2022-09-11,age,16.0,24312,5334,422,455,320,408
2022-09-11,age,17.0,30652,6642,350,598,337,553
2022-09-11,age,18.0,35326,7942,812,684,584,667
2022-09-11,age,19.0,38160,8269,812,844,751,814
2022-09-11,age,20.0,37751,8000,1147,719,769,703
2022-09-11,age,21.0,37132,8075,847,769,811,747
2022-09-11,age,22.0,34433,7395,1064,725,933,711
2022-09-11,age,23.0,31901,7015,1171,566,743,554
2022-09-11,age,24.0,23088,5002,428,504,420,490
2022-09-11,age,25.0,21009,4642,506,476,491,466
2022-09-11,age,26.0,20510,4412,478,442,462,433
2022-09-11,age,27.0,16214,3648,275,303,267,298
2022-09-11,age,28.0,15433,3300,388,392,374,386
2022-09-11,age,29.0,15838,3303,306,324,300,313
2022-09-11,age,30.0,15433,3395,554,435,427,417
2022-09-11,age,31.0,15278,3370,359,459,346,427
2022-09-11,age,32.0,13289,2942,346,278,319,251
2022-09-11,age,33.0,12317,2644,208,239,187,136
2022-09-11,age,34.0,12896,2785,143,189,131,91
2022-09-11,age,35.0,12885,2964,147,231,138,83
2022-09-11,age,36.0,11211,2428,105,252,98,86
2022-09-11,age,37.0,10121,2218,194,244,134,79
2022-09-11,age,38.0,10600,2349,14,143,14,56
2022-09-11,age,39.0,9350,1985,36,193,34,71
2022-09-11,age,40.0,8342,1857,20,200,19,66
2022-09-11,age,41.0,8623,1869,17,152,16,56
2022-09-11,age,42.0,7849,1651,11,97,8,35
2022-09-11,age,43.0,7181,1617,4,179,4,59
2022-09-11,age,44.0,6353,1347,284,128,87,51
2022-09-11,age,45.0,7066,1553,2,99,2,38
2022-09-11,age,46.0,4852,1017,136,157,76,79
2022-09-11,age,47.0,4358,975,1,84,1,32
2022-09-11,age,48.0,4594,1028,0,75,0,27
2022-09-11,age,49.0,4212,864,1,73,1,27
2022-09-11,age,50.0,3995,853,2,69,1,30
2022-09-11,age,51.0,2995,666,4,81,3,25
2022-09-11,age,52.0,3076,705,0,57,0,19
2022-09-11,age,53.0,2076,415,0,70,0,24
2022-09-11,age,54.0,2158,434,251,44,82,18
2022-09-11,age,55.0,1580,322,0,16,0,8
2022-09-11,age,56.0,1626,350,0,20,0,5
2022-09-11,age,57.0,1193,287,0,29,0,11
2022-09-11,age,58.0,702,146,0,16,0,4
2022-09-11,age,59.0,1330,299,0,18,0,6
2022-09-11,age,60.0,922,209,0,0,0,0
2022-09-11,age,61.0,625,114,0,12,0,6
2022-09-11,age,62.0,345,75,0,16,0,5
2022-09-11,age,63.0,284,54,0,7,0,2
2022-09-11,age,64.0,257,49,0,1,0,1
2022-09-11,age,65.0,278,53,0,0,0,0
2022-09-11,age,66.0,272,42,0,13,0,4
2022-09-11,age,67.0,205,41,0,0,0,0
2022-09-11,age,68.0,46,10,0,3,0,2
2022-09-11,age,69.0,84,13,0,0,0,0
2022-09-11,age,70.0,41,4,0,0,0,0
2022-09-11,age,71.0,242,48,0,0,0,0
2022-09-11,age,72.0,132,21,0,0,0,0
2022-09-11,age,73.0,90,16,0,0,0,0
2022-09-11,age,74.0,20,3,0,0,0,0
2022-09-11,age,75.0,14,4,0,0,0,0
2022-09-11,age,77.0,55,13,0,0,0,0
2022-09-11,age,79.0,46,12,0,0,0,0
2022-09-11,age,84.0,18,5,0,0,0,0
2022-09-11,age,unknown,0,0,97,0,94,0
2022-09-12,os,Android,512273,111514,8221,8502,6788,7065
2022-09-12,os,iOS,275028,60155,4025,4397,3431,3666
2022-09-12,os,unknown,0,0,653,0,512,0
2022-09-12,gender,female,354909,77314,5001,5693,4456,4764
2022-09-12,gender,male,432392,94355,7245,7206,5763,5967
2022-09-12,gender,unknown,0,0,653,0,512,0
2022-09-12,age,14.0,11602,2516,65,153,63,82
2022-09-12,age,15.0,26429,5763,605,474,346,305
2022-09-12,age,16.0,31596,6833,354,486,298,432
2022-09-12,age,17.0,36229,7894,445,618,419,588
2022-09-12,age,18.0,43768,9610,416,665,398,645
2022-09-12,age,19.0,45527,9990,800,839,760,833
2022-09-12,age,20.0,51198,11082,1245,772,1010,759
2022-09-12,age,21.0,47961,10625,1070,751,821,743
2022-09-12,age,22.0,43727,9624,763,743,749,735
2022-09-12,age,23.0,36747,7991,751,674,699,666
2022-09-12,age,24.0,32745,7171,894,543,704,535
2022-09-12,age,25.0,26985,5800,822,526,696,516
2022-09-12,age,26.0,24525,5261,354,366,349,357
2022-09-12,age,27.0,22086,4741,327,348,322,343
2022-09-12,age,28.0,19804,4528,401,307,354,300
2022-09-12,age,29.0,20688,4444,326,301,317,296
2022-09-12,age,30.0,18781,4240,449,392,365,374
2022-09-12,age,31.0,18371,4065,318,424,303,393
2022-09-12,age,32.0,19905,4197,457,266,319,208
2022-09-12,age,33.0,16923,3680,135,227,130,128
2022-09-12,age,34.0,16099,3483,140,300,131,144
2022-09-12,age,35.0,15100,3348,116,168,95,85
2022-09-12,age,36.0,14449,3121,87,234,83,108
2022-09-12,age,37.0,12635,2757,130,235,100,111
2022-09-12,age,38.0,13279,2888,39,177,39,94
2022-09-12,age,39.0,11909,2628,176,197,94,93
2022-09-12,age,40.0,11462,2485,24,153,20,67
2022-09-12,age,41.0,9174,2023,22,184,21,91
2022-09-12,age,42.0,10699,2321,8,146,8,69
2022-09-12,age,43.0,8571,1829,5,112,5,55
2022-09-12,age,44.0,7640,1642,296,99,107,44
2022-09-12,age,45.0,6849,1435,5,134,5,65
2022-09-12,age,46.0,5770,1273,7,125,7,112
2022-09-12,age,47.0,4659,1015,186,77,75,37
2022-09-12,age,48.0,6261,1422,1,76,1,35
2022-09-12,age,49.0,4506,979,3,65,2,27
2022-09-12,age,50.0,4039,816,0,45,0,22
2022-09-12,age,51.0,4053,892,2,106,2,51
2022-09-12,age,52.0,3218,709,0,53,0,26
2022-09-12,age,53.0,2589,531,0,56,0,26
2022-09-12,age,54.0,2698,553,1,64,1,28
2022-09-12,age,55.0,2766,629,1,71,1,26
2022-09-12,age,56.0,2248,475,0,25,0,13
2022-09-12,age,57.0,1638,406,0,11,0,7
2022-09-12,age,58.0,1523,358,0,33,0,13
2022-09-12,age,59.0,1589,342,0,10,0,5
2022-09-12,age,60.0,952,189,0,19,0,10
2022-09-12,age,61.0,1003,199,0,25,0,11
2022-09-12,age,62.0,677,122,0,19,0,14
2022-09-12,age,63.0,580,113,0,3,0,2
2022-09-12,age,64.0,620,110,0,2,0,2
2022-09-12,age,65.0,104,23,0,0,0,0
2022-09-12,age,66.0,636,134,0,0,0,0
2022-09-12,age,67.0,273,67,0,0,0,0
2022-09-12,age,68.0,404,74,0,0,0,0
2022-09-12,age,69.0,92,29,0,0,0,0
2022-09-12,age,70.0,219,44,0,0,0,0
2022-09-12,age,71.0,132,22,0,0,0,0
2022-09-12,age,72.0,245,64,0,0,0,0
2022-09-12,age,73.0,21,4,0,0,0,0
2022-09-12,age,74.0,133,29,0,0,0,0
2022-09-12,age,75.0,19,4,0,0,0,0
2022-09-12,age,76.0,18,2,0,0,0,0
2022-09-12,age,79.0,59,12,0,0,0,0
2022-09-12,age,80.0,55,6,0,0,0,0
2022-09-12,age,84.0,23,3,0,0,0,0
2022-09-12,age,87.0,16,4,0,0,0,0
2022-09-12,age,unknown,0,0,653,0,512,0
2022-09-15,os,Android,592438,134910,8470,8389,6850,6995
2022-09-15,os,iOS,321319,73835,3937,4501,3394,3689
2022-09-15,os,unknown,0,0,483,0,440,0
2022-09-15,gender,female,414706,95109,5498,5694,4572,4682
2022-09-15,gender,male,499051,113636,6909,7196,5672,6002
2022-09-15,gender,unknown,0,0,483,0,440,0
2022-09-15,age,14.0,12101,2697,82,236,74,111
2022-09-15,age,15.0,30835,7053,511,467,381,328
2022-09-15,age,16.0,37315,8461,366,560,349,535
2022-09-15,age,17.0,42836,9779,351,566,335,554
2022-09-15,age,18.0,50010,11424,626,645,564,634
2022-09-15,age,19.0,54362,12444,651,710,637,701
2022-09-15,age,20.0,58634,13396,1360,874,1099,864
2022-09-15,age,21.0,56756,12930,772,827,750,809
2022-09-15,age,22.0,51755,11849,1419,772,976,758
2022-09-15,age,23.0,44638,10056,545,632,538,623
2022-09-15,age,24.0,34155,7823,559,529,533,518
2022-09-15,age,25.0,32049,7460,627,426,520,420
2022-09-15,age,26.0,30447,7060,659,380,518,374
2022-09-15,age,27.0,24240,5686,375,355,361,348
2022-09-15,age,28.0,23445,5327,567,361,476,349
2022-09-15,age,29.0,20890,4836,345,268,309,264
2022-09-15,age,30.0,23672,5368,269,297,258,289
2022-09-15,age,31.0,22427,5101,230,310,225,285
2022-09-15,age,32.0,20071,4516,164,212,151,190
2022-09-15,age,33.0,18871,4243,164,290,150,183
2022-09-15,age,34.0,17454,3879,250,292,182,133
2022-09-15,age,35.0,19120,4286,120,250,112,122
2022-09-15,age,36.0,17161,3871,114,203,103,98
2022-09-15,age,37.0,16241,3656,77,208,73,101
2022-09-15,age,38.0,16503,3705,39,213,37,108
2022-09-15,age,39.0,13913,3174,27,200,24,104
2022-09-15,age,40.0,12827,2850,17,195,17,84
2022-09-15,age,41.0,11707,2750,22,142,18,72
2022-09-15,age,42.0,11787,2641,16,197,15,87
2022-09-15,age,43.0,10003,2356,15,108,12,56
2022-09-15,age,44.0,8811,2125,120,129,63,55
2022-09-15,age,45.0,7994,1856,2,181,2,88
2022-09-15,age,46.0,7208,1745,2,100,2,74
2022-09-15,age,47.0,6239,1385,6,115,4,58
2022-09-15,age,48.0,5825,1310,535,106,172,42
2022-09-15,age,49.0,5890,1414,155,75,89,31
2022-09-15,age,50.0,5614,1195,2,88,2,43
2022-09-15,age,51.0,4779,1216,245,101,112,47
2022-09-15,age,52.0,3750,893,1,23,1,16
2022-09-15,age,53.0,2333,548,0,13,0,6
2022-09-15,age,54.0,2275,504,0,39,0,21
2022-09-15,age,55.0,2619,597,0,12,0,8
2022-09-15,age,56.0,2236,524,0,42,0,21
2022-09-15,age,57.0,1824,388,0,31,0,15
2022-09-15,age,58.0,1684,385,0,15,0,7
2022-09-15,age,59.0,1737,397,0,25,0,16
2022-09-15,age,60.0,1387,320,0,12,0,5
2022-09-15,age,61.0,1194,275,0,7,0,5
2022-09-15,age,62.0,709,164,0,15,0,6
2022-09-15,age,63.0,495,137,0,10,0,5
2022-09-15,age,64.0,573,125,0,2,0,1
2022-09-15,age,65.0,368,79,0,2,0,2
2022-09-15,age,66.0,256,67,0,8,0,4
2022-09-15,age,67.0,327,76,0,0,0,0
2022-09-15,age,68.0,143,33,0,6,0,2
2022-09-15,age,69.0,110,32,0,3,0,2
2022-09-15,age,70.0,247,47,0,0,0,0
2022-09-15,age,71.0,139,34,0,5,0,2
2022-09-15,age,72.0,39,12,0,0,0,0
2022-09-15,age,73.0,142,33,0,0,0,0
2022-09-15,age,74.0,93,27,0,0,0,0
2022-09-15,age,76.0,148,39,0,0,0,0
2022-09-15,age,77.0,123,33,0,0,0,0
2022-09-15,age,78.0,15,6,0,0,0,0
2022-09-15,age,80.0,83,18,0,0,0,0
2022-09-15,age,81.0,39,11,0,0,0,0
2022-09-15,age,82.0,24,4,0,0,0,0
2022-09-15,age,87.0,22,6,0,0,0,0
2022-09-15,age,95.0,38,8,0,0,0,0
2022-09-15,age,unknown,0,0,483,0,440,0
2022-09-16,os,Android,537390,121468,8515,8467,6981,7007
2022-09-16,os,iOS,291479,65438,4262,4428,3401,3490
2022-09-16,os,unknown,0,0,118,0,115,0
2022-09-16,gender,female,371827,83860,5168,5996,4584,4833
2022-09-16,gender,male,457042,103046,7609,6899,5798,5664
2022-09-16,gender,unknown,0,0,118,0,115,0
2022-09-16,age,14.0,11809,2607,72,193,71,104
2022-09-16,age,15.0,27373,6231,311,403,235,312
2022-09-16,age,16.0,31512,7179,715,434,381,415
2022-09-16,age,17.0,37740,8500,800,618,613,603
2022-09-16,age,18.0,43375,9817,599,811,583,797
2022-09-16,age,19.0,53366,11997,669,777,656,760
2022-09-16,age,20.0,49643,11224,1026,797,878,780
2022-09-16,age,21.0,50798,11368,742,732,724,724
2022-09-16,age,22.0,46360,10468,890,770,871,757
2022-09-16,age,23.0,44409,9920,1032,619,741,603
2022-09-16,age,24.0,36486,8323,896,560,733,552
2022-09-16,age,25.0,29196,6557,500,454,491,447
2022-09-16,age,26.0,26895,5962,431,505,424,498
2022-09-16,age,27.0,22489,5147,563,339,385,331
2022-09-16,age,28.0,22862,5177,703,359,501,356
2022-09-16,age,29.0,21409,4959,357,368,344,355
2022-09-16,age,30.0,20495,4637,285,293,276,287
2022-09-16,age,31.0,19245,4248,250,342,238,321
2022-09-16,age,32.0,17566,3980,207,222,192,198
2022-09-16,age,33.0,18310,4102,179,256,160,164
2022-09-16,age,34.0,16444,3697,484,288,240,122
2022-09-16,age,35.0,15483,3391,112,251,106,99
2022-09-16,age,36.0,14661,3477,100,280,94,95
2022-09-16,age,37.0,15560,3504,57,210,51,71
2022-09-16,age,38.0,12802,2905,291,197,148,76
2022-09-16,age,39.0,11655,2638,28,178,27,72
2022-09-16,age,40.0,11855,2577,10,164,10,59
2022-09-16,age,41.0,9258,2099,12,135,12,50
2022-09-16,age,42.0,9517,2064,10,122,10,45
2022-09-16,age,43.0,8590,1961,5,128,5,38
2022-09-16,age,44.0,7274,1596,5,132,4,47
2022-09-16,age,45.0,7367,1649,5,166,4,64
2022-09-16,age,46.0,5834,1335,0,39,0,24
2022-09-16,age,47.0,6984,1548,5,180,2,52
2022-09-16,age,48.0,5542,1273,0,69,0,31
2022-09-16,age,49.0,4783,1124,202,88,96,28
2022-09-16,age,50.0,4899,1154,0,68,0,24
2022-09-16,age,51.0,4222,901,0,76,0,32
2022-09-16,age,52.0,3009,704,0,42,0,17
2022-09-16,age,53.0,3211,712,0,11,0,4
2022-09-16,age,54.0,2552,611,0,29,0,11
2022-09-16,age,55.0,2897,665,224,37,76,13
2022-09-16,age,56.0,2153,466,0,31,0,13
2022-09-16,age,57.0,1548,350,0,18,0,8
2022-09-16,age,58.0,2039,447,0,21,0,9
2022-09-16,age,59.0,735,165,0,21,0,7
2022-09-16,age,60.0,913,224,0,16,0,6
2022-09-16,age,61.0,1040,250,0,0,0,0
2022-09-16,age,62.0,459,92,0,19,0,6
2022-09-16,age,63.0,505,107,0,13,0,4
2022-09-16,age,64.0,1085,263,0,6,0,2
2022-09-16,age,65.0,415,87,0,5,0,3
2022-09-16,age,66.0,556,130,0,0,0,0
2022-09-16,age,67.0,51,8,0,0,0,0
2022-09-16,age,68.0,330,55,0,0,0,0
2022-09-16,age,69.0,107,26,0,0,0,0
2022-09-16,age,70.0,123,27,0,3,0,1
2022-09-16,age,71.0,200,37,0,0,0,0
2022-09-16,age,72.0,100,17,0,0,0,0
2022-09-16,age,73.0,192,47,0,0,0,0
2022-09-16,age,74.0,144,40,0,0,0,0
2022-09-16,age,75.0,14,3,0,0,0,0
2022-09-16,age,76.0,70,16,0,0,0,0
2022-09-16,age,77.0,34,6,0,0,0,0
2022-09-16,age,82.0,162,26,0,0,0,0
2022-09-16,age,84.0,53,8,0,0,0,0
2022-09-16,age,85.0,51,9,0,0,0,0
2022-09-16,age,95.0,53,12,0,0,0,0
2022-09-16,age,unknown,0,0,118,0,115,0
